{"main-code_file:///Users/boyin/Desktop/my-master/pages/index/index.js":{"cursorState":[{"inSelectionMode":false,"selectionStart":{"lineNumber":2,"column":15},"position":{"lineNumber":2,"column":15}}],"viewState":{"scrollLeft":0,"firstPosition":{"lineNumber":1,"column":1},"firstPositionDeltaTop":0},"contributionsState":{"editor.contrib.wordHighlighter":false,"editor.contrib.folding":{"collapsedRegions":null,"lineCount":29,"provider":"indent"}}},"main-code_file:///Users/boyin/Desktop/my-master/pages/index/index.json":{"cursorState":[{"inSelectionMode":false,"selectionStart":{"lineNumber":1,"column":1},"position":{"lineNumber":1,"column":1}}],"viewState":{"scrollLeft":0,"firstPosition":{"lineNumber":1,"column":1},"firstPositionDeltaTop":0},"contributionsState":{"editor.contrib.wordHighlighter":false,"editor.contrib.folding":{"collapsedRegions":null,"lineCount":1,"provider":"indent"}}},"main-code_file:///Users/boyin/Desktop/my-master/pages/index/index.axml":{"cursorState":[{"inSelectionMode":false,"selectionStart":{"lineNumber":2,"column":25},"position":{"lineNumber":2,"column":25}}],"viewState":{"scrollLeft":0,"firstPosition":{"lineNumber":1,"column":1},"firstPositionDeltaTop":0},"contributionsState":{"editor.contrib.wordHighlighter":false,"editor.contrib.folding":{"collapsedRegions":null,"lineCount":21,"provider":"indent"}}},"main-code_file:///Users/boyin/Desktop/my-master/pages/index/index.acss":{"cursorState":[{"inSelectionMode":false,"selectionStart":{"lineNumber":5,"column":13},"position":{"lineNumber":5,"column":13}}],"viewState":{"scrollLeft":0,"firstPosition":{"lineNumber":1,"column":1},"firstPositionDeltaTop":0},"contributionsState":{"editor.contrib.wordHighlighter":false,"editor.contrib.folding":{"collapsedRegions":null,"lineCount":146,"provider":"indent"}}},"main-code_file:///Users/boyin/Desktop/my-master/app.js":{"cursorState":[{"inSelectionMode":false,"selectionStart":{"lineNumber":3,"column":32},"position":{"lineNumber":3,"column":32}}],"viewState":{"scrollLeft":0,"firstPosition":{"lineNumber":1,"column":1},"firstPositionDeltaTop":0},"contributionsState":{"editor.contrib.wordHighlighter":false,"editor.contrib.folding":{"collapsedRegions":null,"lineCount":7,"provider":"indent"}}},"main-code_file:///Users/boyin/Desktop/my-master/app.json":{"cursorState":[{"inSelectionMode":true,"selectionStart":{"lineNumber":11,"column":25},"position":{"lineNumber":11,"column":31}}],"viewState":{"scrollLeft":0,"firstPosition":{"lineNumber":1,"column":1},"firstPositionDeltaTop":0},"contributionsState":{"editor.contrib.wordHighlighter":false,"editor.contrib.folding":{"collapsedRegions":null,"lineCount":14,"provider":"indent"}}},"main-code_file:///Users/boyin/Desktop/my-master/app.acss":{"cursorState":[{"inSelectionMode":false,"selectionStart":{"lineNumber":1,"column":1},"position":{"lineNumber":1,"column":1}}],"viewState":{"scrollLeft":0,"firstPosition":{"lineNumber":1,"column":1},"firstPositionDeltaTop":0},"contributionsState":{"editor.contrib.wordHighlighter":false,"editor.contrib.folding":{"collapsedRegions":null,"lineCount":11,"provider":"indent"}}},"main-code_file:///Users/boyin/Desktop/my-master/pages/movies/movies.json":{"cursorState":[{"inSelectionMode":false,"selectionStart":{"lineNumber":2,"column":35},"position":{"lineNumber":2,"column":35}}],"viewState":{"scrollLeft":0,"firstPosition":{"lineNumber":1,"column":1},"firstPositionDeltaTop":0},"contributionsState":{"editor.contrib.wordHighlighter":false,"editor.contrib.folding":{"collapsedRegions":null,"lineCount":3,"provider":"indent"}}},"main-code_file:///Users/boyin/Desktop/my-master/pages/movies/movies.js":{"cursorState":[{"inSelectionMode":false,"selectionStart":{"lineNumber":22,"column":3},"position":{"lineNumber":22,"column":3}}],"viewState":{"scrollLeft":0,"firstPosition":{"lineNumber":1,"column":1},"firstPositionDeltaTop":0},"contributionsState":{"editor.contrib.wordHighlighter":false,"editor.contrib.folding":{"collapsedRegions":null,"lineCount":124,"provider":"indent"}}},"main-code_file:///Users/boyin/Desktop/%E5%B0%8F%E7%A8%8B%E5%BA%8F/my-master/app.acss":{"cursorState":[{"inSelectionMode":false,"selectionStart":{"lineNumber":1,"column":1},"position":{"lineNumber":1,"column":1}}],"viewState":{"scrollLeft":0,"firstPosition":{"lineNumber":1,"column":1},"firstPositionDeltaTop":0},"contributionsState":{"editor.contrib.wordHighlighter":false,"editor.contrib.folding":{"collapsedRegions":null,"lineCount":11,"provider":"indent"}}},"main-code_file:///Users/boyin/Desktop/%E5%B0%8F%E7%A8%8B%E5%BA%8F/my-master/app.js":{"cursorState":[{"inSelectionMode":false,"selectionStart":{"lineNumber":15,"column":41},"position":{"lineNumber":15,"column":41}}],"viewState":{"scrollLeft":0,"firstPosition":{"lineNumber":1,"column":1},"firstPositionDeltaTop":0},"contributionsState":{"editor.contrib.wordHighlighter":false,"editor.contrib.folding":{"collapsedRegions":null,"lineCount":18,"provider":"indent"}}},"main-code_file:///Users/boyin/Desktop/%E5%B0%8F%E7%A8%8B%E5%BA%8F/my-master/pages/index/index.js":{"cursorState":[{"inSelectionMode":false,"selectionStart":{"lineNumber":162,"column":16},"position":{"lineNumber":162,"column":16}}],"viewState":{"scrollLeft":0,"firstPosition":{"lineNumber":51,"column":1},"firstPositionDeltaTop":-9},"contributionsState":{"editor.contrib.wordHighlighter":false,"editor.contrib.folding":{"collapsedRegions":null,"lineCount":221,"provider":"indent"}}},"main-code_file:///Users/boyin/Desktop/%E5%B0%8F%E7%A8%8B%E5%BA%8F/my-master/pages/index/index.json":{"cursorState":[{"inSelectionMode":false,"selectionStart":{"lineNumber":1,"column":1},"position":{"lineNumber":1,"column":1}}],"viewState":{"scrollLeft":0,"firstPosition":{"lineNumber":1,"column":1},"firstPositionDeltaTop":34},"contributionsState":{"editor.contrib.wordHighlighter":false,"editor.contrib.folding":{"collapsedRegions":null,"lineCount":1,"provider":"indent"}}},"main-code_file:///Users/boyin/Desktop/%E5%B0%8F%E7%A8%8B%E5%BA%8F/my-master/pages/index/index.axml":{"cursorState":[{"inSelectionMode":true,"selectionStart":{"lineNumber":27,"column":27},"position":{"lineNumber":27,"column":63}}],"viewState":{"scrollLeft":14,"firstPosition":{"lineNumber":27,"column":1},"firstPositionDeltaTop":-2},"contributionsState":{"editor.contrib.wordHighlighter":false,"editor.contrib.folding":{"collapsedRegions":null,"lineCount":50,"provider":"indent"}}},"main-code_file:///Users/boyin/Desktop/%E5%B0%8F%E7%A8%8B%E5%BA%8F/my-master/pages/index/index.acss":{"cursorState":[{"inSelectionMode":false,"selectionStart":{"lineNumber":213,"column":13},"position":{"lineNumber":213,"column":13}}],"viewState":{"scrollLeft":0,"firstPosition":{"lineNumber":203,"column":1},"firstPositionDeltaTop":-12},"contributionsState":{"editor.contrib.wordHighlighter":false,"editor.contrib.folding":{"collapsedRegions":null,"lineCount":237,"provider":"indent"}}},"main-code_file:///Users/boyin/Desktop/%E5%B0%8F%E7%A8%8B%E5%BA%8F/my-master/.eslintrc":{"cursorState":[{"inSelectionMode":false,"selectionStart":{"lineNumber":1,"column":1},"position":{"lineNumber":1,"column":1}}],"viewState":{"scrollLeft":0,"firstPosition":{"lineNumber":1,"column":1},"firstPositionDeltaTop":0},"contributionsState":{"editor.contrib.wordHighlighter":false,"editor.contrib.folding":{"collapsedRegions":null,"lineCount":32,"provider":"indent"}}},"main-code_file:///Users/boyin/Desktop/%E5%B0%8F%E7%A8%8B%E5%BA%8F/my-master/app.json":{"cursorState":[{"inSelectionMode":false,"selectionStart":{"lineNumber":9,"column":14},"position":{"lineNumber":9,"column":14}}],"viewState":{"scrollLeft":0,"firstPosition":{"lineNumber":1,"column":1},"firstPositionDeltaTop":0},"contributionsState":{"editor.contrib.wordHighlighter":false,"editor.contrib.folding":{"collapsedRegions":null,"lineCount":15,"provider":"indent"}}},"main-code_file:///Users/boyin/Desktop/%E5%B0%8F%E7%A8%8B%E5%BA%8F/my-master/pages/movies/movies.js":{"cursorState":[{"inSelectionMode":false,"selectionStart":{"lineNumber":94,"column":67},"position":{"lineNumber":94,"column":67}}],"viewState":{"scrollLeft":0,"firstPosition":{"lineNumber":101,"column":1},"firstPositionDeltaTop":0},"contributionsState":{"editor.contrib.wordHighlighter":false,"editor.contrib.folding":{"collapsedRegions":null,"lineCount":125,"provider":"indent"}}},"main-code_file:///Users/boyin/Desktop/%E5%B0%8F%E7%A8%8B%E5%BA%8F/my-master/pages/movies/movies.axml":{"cursorState":[{"inSelectionMode":true,"selectionStart":{"lineNumber":15,"column":19},"position":{"lineNumber":15,"column":20}}],"viewState":{"scrollLeft":0,"firstPosition":{"lineNumber":1,"column":1},"firstPositionDeltaTop":0},"contributionsState":{"editor.contrib.wordHighlighter":false,"editor.contrib.folding":{"collapsedRegions":null,"lineCount":26,"provider":"indent"}}},"main-code_file:///Users/boyin/Desktop/%E5%B0%8F%E7%A8%8B%E5%BA%8F/my-master/pages/movies/movies.acss":{"cursorState":[{"inSelectionMode":false,"selectionStart":{"lineNumber":1,"column":1},"position":{"lineNumber":1,"column":1}}],"viewState":{"scrollLeft":0,"firstPosition":{"lineNumber":1,"column":1},"firstPositionDeltaTop":0},"contributionsState":{"editor.contrib.wordHighlighter":false,"editor.contrib.folding":{"collapsedRegions":null,"lineCount":47,"provider":"indent"}}},"main-code_file:///Users/boyin/Desktop/%E5%B0%8F%E7%A8%8B%E5%BA%8F/my-master/utils/util.js":{"cursorState":[{"inSelectionMode":false,"selectionStart":{"lineNumber":62,"column":2},"position":{"lineNumber":62,"column":2}}],"viewState":{"scrollLeft":0,"firstPosition":{"lineNumber":47,"column":1},"firstPositionDeltaTop":-16},"contributionsState":{"editor.contrib.wordHighlighter":false,"editor.contrib.folding":{"collapsedRegions":null,"lineCount":62,"provider":"indent"}}},"main-code_file:///Users/boyin/Desktop/%E5%B0%8F%E7%A8%8B%E5%BA%8F/my-master/pages/movies/more-movie/more-movie.js":{"cursorState":[{"inSelectionMode":true,"selectionStart":{"lineNumber":152,"column":7},"position":{"lineNumber":152,"column":56}}],"viewState":{"scrollLeft":0,"firstPosition":{"lineNumber":80,"column":1},"firstPositionDeltaTop":0},"contributionsState":{"editor.contrib.wordHighlighter":false,"editor.contrib.folding":{"collapsedRegions":null,"lineCount":155,"provider":"indent"}}},"main-code_file:///Users/boyin/Desktop/%E5%B0%8F%E7%A8%8B%E5%BA%8F/my-master/pages/movies/movie/movie-template.acss":{"cursorState":[{"inSelectionMode":false,"selectionStart":{"lineNumber":1,"column":1},"position":{"lineNumber":1,"column":1}}],"viewState":{"scrollLeft":0,"firstPosition":{"lineNumber":1,"column":1},"firstPositionDeltaTop":0},"contributionsState":{"editor.contrib.wordHighlighter":false,"editor.contrib.folding":{"collapsedRegions":null,"lineCount":19,"provider":"indent"}}},"main-code_file:///Users/boyin/Desktop/%E5%B0%8F%E7%A8%8B%E5%BA%8F/my-master/pages/movies/movie/movie-template.axml":{"cursorState":[{"inSelectionMode":false,"selectionStart":{"lineNumber":4,"column":46},"position":{"lineNumber":4,"column":46}}],"viewState":{"scrollLeft":0,"firstPosition":{"lineNumber":1,"column":1},"firstPositionDeltaTop":0},"contributionsState":{"editor.contrib.wordHighlighter":true,"editor.contrib.folding":{"collapsedRegions":null,"lineCount":8,"provider":"indent"}}},"main-code_file:///Users/boyin/Desktop/%E5%B0%8F%E7%A8%8B%E5%BA%8F/my-master/pages/movies/more-movie/more-movie.axml":{"cursorState":[{"inSelectionMode":false,"selectionStart":{"lineNumber":6,"column":8},"position":{"lineNumber":6,"column":8}}],"viewState":{"scrollLeft":0,"firstPosition":{"lineNumber":1,"column":1},"firstPositionDeltaTop":0},"contributionsState":{"editor.contrib.wordHighlighter":false,"editor.contrib.folding":{"collapsedRegions":null,"lineCount":6,"provider":"indent"}}},"main-code_file:///Users/boyin/Desktop/%E5%B0%8F%E7%A8%8B%E5%BA%8F/my-master/pages/movies/more-movie/more-movie.acss":{"cursorState":[{"inSelectionMode":false,"selectionStart":{"lineNumber":1,"column":1},"position":{"lineNumber":1,"column":1}}],"viewState":{"scrollLeft":0,"firstPosition":{"lineNumber":1,"column":1},"firstPositionDeltaTop":0},"contributionsState":{"editor.contrib.wordHighlighter":false,"editor.contrib.folding":{"collapsedRegions":null,"lineCount":23,"provider":"indent"}}},"main-code_file:///Users/boyin/Desktop/%E5%B0%8F%E7%A8%8B%E5%BA%8F/my-master/pages/movies/movie-detail/movie-detail.axml":{"cursorState":[{"inSelectionMode":false,"selectionStart":{"lineNumber":1,"column":1},"position":{"lineNumber":1,"column":1}}],"viewState":{"scrollLeft":0,"firstPosition":{"lineNumber":1,"column":1},"firstPositionDeltaTop":0},"contributionsState":{"editor.contrib.wordHighlighter":false,"editor.contrib.folding":{"collapsedRegions":null,"lineCount":61,"provider":"indent"}}},"main-code_file:///Users/boyin/Desktop/%E5%B0%8F%E7%A8%8B%E5%BA%8F/my-master/pages/movies/movie-detail/movie-detail.acss":{"cursorState":[{"inSelectionMode":false,"selectionStart":{"lineNumber":1,"column":1},"position":{"lineNumber":1,"column":1}}],"viewState":{"scrollLeft":0,"firstPosition":{"lineNumber":1,"column":1},"firstPositionDeltaTop":0},"contributionsState":{"editor.contrib.wordHighlighter":false,"editor.contrib.folding":{"collapsedRegions":null,"lineCount":178,"provider":"indent"}}},"main-code_file:///Users/boyin/Desktop/%E5%B0%8F%E7%A8%8B%E5%BA%8F/my-master/pages/movies/movie-detail/class/Movie.js":{"cursorState":[{"inSelectionMode":false,"selectionStart":{"lineNumber":1,"column":1},"position":{"lineNumber":1,"column":1}}],"viewState":{"scrollLeft":0,"firstPosition":{"lineNumber":36,"column":1},"firstPositionDeltaTop":-2},"contributionsState":{"editor.contrib.wordHighlighter":false,"editor.contrib.folding":{"collapsedRegions":null,"lineCount":50,"provider":"indent"}}},"main-code_file:///Users/boyin/Desktop/%E5%B0%8F%E7%A8%8B%E5%BA%8F/my-master/pages/movies/movie-detail/movie-detail.js":{"cursorState":[{"inSelectionMode":false,"selectionStart":{"lineNumber":21,"column":40},"position":{"lineNumber":21,"column":40}}],"viewState":{"scrollLeft":0,"firstPosition":{"lineNumber":14,"column":1},"firstPositionDeltaTop":0},"contributionsState":{"editor.contrib.wordHighlighter":false,"editor.contrib.folding":{"collapsedRegions":null,"lineCount":41,"provider":"indent"}}},"main-code_file:///Users/boyin/Desktop/%E5%B0%8F%E7%A8%8B%E5%BA%8F/my-master/pages/movies/movie-detail/movie-detail.json":{"cursorState":[{"inSelectionMode":false,"selectionStart":{"lineNumber":1,"column":1},"position":{"lineNumber":1,"column":1}}],"viewState":{"scrollLeft":0,"firstPosition":{"lineNumber":1,"column":1},"firstPositionDeltaTop":34},"contributionsState":{"editor.contrib.wordHighlighter":false,"editor.contrib.folding":{"collapsedRegions":null,"lineCount":1,"provider":"indent"}}},"main-code_file:///Users/boyin/Desktop/%E5%B0%8F%E7%A8%8B%E5%BA%8F/my-master/pages/movies/movie-grid/movie-grid-template.axml":{"cursorState":[{"inSelectionMode":false,"selectionStart":{"lineNumber":1,"column":1},"position":{"lineNumber":1,"column":1}}],"viewState":{"scrollLeft":0,"firstPosition":{"lineNumber":1,"column":1},"firstPositionDeltaTop":0},"contributionsState":{"editor.contrib.wordHighlighter":false,"editor.contrib.folding":{"collapsedRegions":null,"lineCount":10,"provider":"indent"}}},"main-code_file:///Users/boyin/Desktop/%E5%B0%8F%E7%A8%8B%E5%BA%8F/my-master/pages/movies/movie-grid/movie-grid-template.acss":{"cursorState":[{"inSelectionMode":false,"selectionStart":{"lineNumber":1,"column":1},"position":{"lineNumber":1,"column":1}}],"viewState":{"scrollLeft":0,"firstPosition":{"lineNumber":1,"column":1},"firstPositionDeltaTop":0},"contributionsState":{"editor.contrib.wordHighlighter":false,"editor.contrib.folding":{"collapsedRegions":null,"lineCount":12,"provider":"indent"}}},"main-code_file:///Users/boyin/Desktop/%E5%B0%8F%E7%A8%8B%E5%BA%8F/my-master/pages/movies/movie-list/movie-list-template.acss":{"cursorState":[{"inSelectionMode":false,"selectionStart":{"lineNumber":1,"column":1},"position":{"lineNumber":1,"column":1}}],"viewState":{"scrollLeft":0,"firstPosition":{"lineNumber":1,"column":1},"firstPositionDeltaTop":0},"contributionsState":{"editor.contrib.wordHighlighter":false,"editor.contrib.folding":{"collapsedRegions":null,"lineCount":45,"provider":"indent"}}},"main-code_file:///Users/boyin/Desktop/%E5%B0%8F%E7%A8%8B%E5%BA%8F/my-master/pages/movies/movie-list/movie-list-template.axml":{"cursorState":[{"inSelectionMode":false,"selectionStart":{"lineNumber":1,"column":1},"position":{"lineNumber":1,"column":1}}],"viewState":{"scrollLeft":0,"firstPosition":{"lineNumber":1,"column":1},"firstPositionDeltaTop":34},"contributionsState":{"editor.contrib.wordHighlighter":false,"editor.contrib.folding":{"collapsedRegions":null,"lineCount":26,"provider":"indent"}}},"main-code_file:///Users/boyin/Desktop/%E5%B0%8F%E7%A8%8B%E5%BA%8F/my-master/pages/movies/stars/stars-template.axml":{"cursorState":[{"inSelectionMode":false,"selectionStart":{"lineNumber":1,"column":1},"position":{"lineNumber":1,"column":1}}],"viewState":{"scrollLeft":0,"firstPosition":{"lineNumber":1,"column":1},"firstPositionDeltaTop":0},"contributionsState":{"editor.contrib.wordHighlighter":false,"editor.contrib.folding":{"collapsedRegions":null,"lineCount":11,"provider":"indent"}}},"main-code_file:///Users/boyin/Desktop/%E5%B0%8F%E7%A8%8B%E5%BA%8F/my-master/pages/movies/stars/stars-template.acss":{"cursorState":[{"inSelectionMode":false,"selectionStart":{"lineNumber":1,"column":1},"position":{"lineNumber":1,"column":1}}],"viewState":{"scrollLeft":0,"firstPosition":{"lineNumber":1,"column":1},"firstPositionDeltaTop":0},"contributionsState":{"editor.contrib.wordHighlighter":false,"editor.contrib.folding":{"collapsedRegions":null,"lineCount":23,"provider":"indent"}}},"main-code_file:///Users/boyin/Desktop/%E5%B0%8F%E7%A8%8B%E5%BA%8F/my-master/pages/movies/more-movie/more-movie.json":{"cursorState":[{"inSelectionMode":false,"selectionStart":{"lineNumber":1,"column":1},"position":{"lineNumber":1,"column":1}}],"viewState":{"scrollLeft":0,"firstPosition":{"lineNumber":1,"column":1},"firstPositionDeltaTop":0},"contributionsState":{"editor.contrib.wordHighlighter":false,"editor.contrib.folding":{"collapsedRegions":null,"lineCount":3,"provider":"indent"}}},"main-code_file:///Users/boyin/Desktop/%E5%B0%8F%E7%A8%8B%E5%BA%8F/my-master/pages/movies/movies.json":{"cursorState":[{"inSelectionMode":false,"selectionStart":{"lineNumber":1,"column":1},"position":{"lineNumber":1,"column":1}}],"viewState":{"scrollLeft":0,"firstPosition":{"lineNumber":1,"column":1},"firstPositionDeltaTop":0},"contributionsState":{"editor.contrib.wordHighlighter":false,"editor.contrib.folding":{"collapsedRegions":null,"lineCount":3,"provider":"indent"}}},"main-code_file:///Users/boyin/Desktop/%E5%B0%8F%E7%A8%8B%E5%BA%8F/my-master/pages/homes/homes.js":{"cursorState":[{"inSelectionMode":true,"selectionStart":{"lineNumber":9,"column":7},"position":{"lineNumber":9,"column":17}}],"viewState":{"scrollLeft":0,"firstPosition":{"lineNumber":1,"column":1},"firstPositionDeltaTop":0},"contributionsState":{"editor.contrib.wordHighlighter":false,"editor.contrib.folding":{"collapsedRegions":null,"lineCount":149,"provider":"indent"}}},"main-code_file:///Users/boyin/Desktop/%E5%B0%8F%E7%A8%8B%E5%BA%8F/my-master/pages/homes/homes.axml":{"cursorState":[{"inSelectionMode":true,"selectionStart":{"lineNumber":8,"column":100},"position":{"lineNumber":8,"column":110}}],"viewState":{"scrollLeft":0,"firstPosition":{"lineNumber":1,"column":1},"firstPositionDeltaTop":0},"contributionsState":{"editor.contrib.wordHighlighter":true,"editor.contrib.folding":{"collapsedRegions":null,"lineCount":13,"provider":"indent"}}},"main-code_file:///Users/boyin/Desktop/%E5%B0%8F%E7%A8%8B%E5%BA%8F/my-master/pages/homes/homes.acss":{"cursorState":[{"inSelectionMode":true,"selectionStart":{"lineNumber":13,"column":2},"position":{"lineNumber":13,"column":11}}],"viewState":{"scrollLeft":0,"firstPosition":{"lineNumber":1,"column":1},"firstPositionDeltaTop":12},"contributionsState":{"editor.contrib.wordHighlighter":false,"editor.contrib.folding":{"collapsedRegions":null,"lineCount":64,"provider":"indent"}}},"main-code_file:///Users/boyin/Desktop/%E5%B0%8F%E7%A8%8B%E5%BA%8F/my-master/pages/homes/homes.json":{"cursorState":[{"inSelectionMode":false,"selectionStart":{"lineNumber":1,"column":1},"position":{"lineNumber":1,"column":1}}],"viewState":{"scrollLeft":0,"firstPosition":{"lineNumber":1,"column":1},"firstPositionDeltaTop":34},"contributionsState":{"editor.contrib.wordHighlighter":false,"editor.contrib.folding":{"collapsedRegions":null,"lineCount":1,"provider":"indent"}}},"main-code_file:///Users/boyin/Desktop/%E5%B0%8F%E7%A8%8B%E5%BA%8F/my-master/pages/SettingUp/SettingUp.js":{"cursorState":[{"inSelectionMode":false,"selectionStart":{"lineNumber":10,"column":8},"position":{"lineNumber":10,"column":8}}],"viewState":{"scrollLeft":0,"firstPosition":{"lineNumber":1,"column":1},"firstPositionDeltaTop":34},"contributionsState":{"editor.contrib.wordHighlighter":false,"editor.contrib.folding":{"collapsedRegions":null,"lineCount":25,"provider":"indent"}}},"main-code_file:///Users/boyin/Desktop/%E5%B0%8F%E7%A8%8B%E5%BA%8F/my-master/pages/SettingUp/SettingUp.axml":{"cursorState":[{"inSelectionMode":false,"selectionStart":{"lineNumber":16,"column":8},"position":{"lineNumber":16,"column":8}}],"viewState":{"scrollLeft":0,"firstPosition":{"lineNumber":1,"column":1},"firstPositionDeltaTop":0},"contributionsState":{"editor.contrib.wordHighlighter":false,"editor.contrib.folding":{"collapsedRegions":null,"lineCount":16,"provider":"indent"}}},"main-code_file:///Users/boyin/Desktop/%E5%B0%8F%E7%A8%8B%E5%BA%8F/my-master/pages/SettingUp/SettingUp.acss":{"cursorState":[{"inSelectionMode":false,"selectionStart":{"lineNumber":37,"column":13},"position":{"lineNumber":37,"column":13}}],"viewState":{"scrollLeft":0,"firstPosition":{"lineNumber":48,"column":1},"firstPositionDeltaTop":-4},"contributionsState":{"editor.contrib.wordHighlighter":false,"editor.contrib.folding":{"collapsedRegions":null,"lineCount":65,"provider":"indent"}}},"main-code_file:///Users/boyin/Desktop/%E5%B0%8F%E7%A8%8B%E5%BA%8F/my-master/pages/SettingUp/SettingUp.json":{"cursorState":[{"inSelectionMode":false,"selectionStart":{"lineNumber":1,"column":1},"position":{"lineNumber":1,"column":1}}],"viewState":{"scrollLeft":0,"firstPosition":{"lineNumber":1,"column":1},"firstPositionDeltaTop":0},"contributionsState":{"editor.contrib.wordHighlighter":false,"editor.contrib.folding":{"collapsedRegions":null,"lineCount":1,"provider":"indent"}}},"main-code_file:///Users/boyin/Desktop/%E5%B0%8F%E7%A8%8B%E5%BA%8F/my-master/utils/md5.js":{"cursorState":[{"inSelectionMode":true,"selectionStart":{"lineNumber":372,"column":2},"position":{"lineNumber":358,"column":1}}],"viewState":{"scrollLeft":0,"firstPosition":{"lineNumber":353,"column":1},"firstPositionDeltaTop":-9},"contributionsState":{"editor.contrib.wordHighlighter":false,"editor.contrib.folding":{"collapsedRegions":null,"lineCount":393,"provider":"indent"}}},"main-code_file:///Users/boyin/Desktop/%E5%B0%8F%E7%A8%8B%E5%BA%8F/my-master/pages/transaction/transaction.js":{"cursorState":[{"inSelectionMode":false,"selectionStart":{"lineNumber":70,"column":24},"position":{"lineNumber":70,"column":24}}],"viewState":{"scrollLeft":0,"firstPosition":{"lineNumber":53,"column":1},"firstPositionDeltaTop":-13},"contributionsState":{"editor.contrib.wordHighlighter":false,"editor.contrib.folding":{"collapsedRegions":null,"lineCount":171,"provider":"indent"}}},"main-code_file:///Users/boyin/Desktop/%E5%B0%8F%E7%A8%8B%E5%BA%8F/my-master/pages/transaction/transaction.axml":{"cursorState":[{"inSelectionMode":true,"selectionStart":{"lineNumber":11,"column":218},"position":{"lineNumber":11,"column":231}}],"viewState":{"scrollLeft":628,"firstPosition":{"lineNumber":1,"column":1},"firstPositionDeltaTop":0},"contributionsState":{"editor.contrib.wordHighlighter":true,"editor.contrib.folding":{"collapsedRegions":null,"lineCount":23,"provider":"indent"}}},"main-code_file:///Users/boyin/Desktop/%E5%B0%8F%E7%A8%8B%E5%BA%8F/my-master/pages/transaction/transaction.acss":{"cursorState":[{"inSelectionMode":false,"selectionStart":{"lineNumber":143,"column":1},"position":{"lineNumber":143,"column":1}}],"viewState":{"scrollLeft":0,"firstPosition":{"lineNumber":118,"column":1},"firstPositionDeltaTop":-10},"contributionsState":{"editor.contrib.wordHighlighter":false,"editor.contrib.folding":{"collapsedRegions":null,"lineCount":180,"provider":"indent"}}},"main-code_file:///Users/boyin/Desktop/%E5%B0%8F%E7%A8%8B%E5%BA%8F/my-master/pages/transaction/transaction.json":{"cursorState":[{"inSelectionMode":false,"selectionStart":{"lineNumber":7,"column":2},"position":{"lineNumber":7,"column":2}}],"viewState":{"scrollLeft":0,"firstPosition":{"lineNumber":1,"column":1},"firstPositionDeltaTop":34},"contributionsState":{"editor.contrib.wordHighlighter":false,"editor.contrib.folding":{"collapsedRegions":null,"lineCount":7,"provider":"indent"}}},"main-code_file:///Users/boyin/Desktop/%E5%B0%8F%E7%A8%8B%E5%BA%8F/my-master/pages/component/story-title/story-title.json":{"cursorState":[{"inSelectionMode":false,"selectionStart":{"lineNumber":1,"column":1},"position":{"lineNumber":1,"column":1}}],"viewState":{"scrollLeft":0,"firstPosition":{"lineNumber":1,"column":1},"firstPositionDeltaTop":0},"contributionsState":{"editor.contrib.wordHighlighter":false,"editor.contrib.folding":{"collapsedRegions":[],"lineCount":3}}},"main-code_file:///Users/boyin/Desktop/%E5%B0%8F%E7%A8%8B%E5%BA%8F/my-master/pages/component/story-title/story-title.js":{"cursorState":[{"inSelectionMode":false,"selectionStart":{"lineNumber":1,"column":1},"position":{"lineNumber":1,"column":1}}],"viewState":{"scrollLeft":0,"firstPosition":{"lineNumber":1,"column":1},"firstPositionDeltaTop":0},"contributionsState":{"editor.contrib.wordHighlighter":false,"editor.contrib.folding":{"collapsedRegions":null,"lineCount":15,"provider":"indent"}}},"main-code_file:///Users/boyin/Desktop/%E5%B0%8F%E7%A8%8B%E5%BA%8F/my-master/pages/component/story-title/story-title.axml":{"cursorState":[{"inSelectionMode":false,"selectionStart":{"lineNumber":6,"column":8},"position":{"lineNumber":6,"column":8}}],"viewState":{"scrollLeft":0,"firstPosition":{"lineNumber":1,"column":1},"firstPositionDeltaTop":0},"contributionsState":{"editor.contrib.wordHighlighter":false,"editor.contrib.folding":{"collapsedRegions":null,"lineCount":6,"provider":"indent"}}},"main-code_file:///Users/boyin/Desktop/%E5%B0%8F%E7%A8%8B%E5%BA%8F/my-master/pages/component/story-title/story-title.acss":{"cursorState":[{"inSelectionMode":false,"selectionStart":{"lineNumber":1,"column":1},"position":{"lineNumber":1,"column":1}}],"viewState":{"scrollLeft":0,"firstPosition":{"lineNumber":1,"column":1},"firstPositionDeltaTop":0},"contributionsState":{"editor.contrib.wordHighlighter":false,"editor.contrib.folding":{"collapsedRegions":null,"lineCount":14,"provider":"indent"}}},"main-code_file:///Users/boyin/Desktop/%E5%B0%8F%E7%A8%8B%E5%BA%8F/my-master/pages/component/story-item/story-item.json":{"cursorState":[{"inSelectionMode":false,"selectionStart":{"lineNumber":1,"column":1},"position":{"lineNumber":1,"column":1}}],"viewState":{"scrollLeft":0,"firstPosition":{"lineNumber":1,"column":1},"firstPositionDeltaTop":0},"contributionsState":{"editor.contrib.wordHighlighter":false,"editor.contrib.folding":{"collapsedRegions":null,"lineCount":3,"provider":"indent"}}},"main-code_file:///Users/boyin/Desktop/%E5%B0%8F%E7%A8%8B%E5%BA%8F/my-master/pages/component/story-item/story-item.js":{"cursorState":[{"inSelectionMode":false,"selectionStart":{"lineNumber":55,"column":32},"position":{"lineNumber":55,"column":32}}],"viewState":{"scrollLeft":0,"firstPosition":{"lineNumber":37,"column":1},"firstPositionDeltaTop":-2},"contributionsState":{"editor.contrib.wordHighlighter":false,"editor.contrib.folding":{"collapsedRegions":null,"lineCount":75,"provider":"indent"}}},"main-code_file:///Users/boyin/Desktop/%E5%B0%8F%E7%A8%8B%E5%BA%8F/my-master/pages/component/story-item/story-item.axml":{"cursorState":[{"inSelectionMode":true,"selectionStart":{"lineNumber":12,"column":32},"position":{"lineNumber":12,"column":47}}],"viewState":{"scrollLeft":0,"firstPosition":{"lineNumber":1,"column":1},"firstPositionDeltaTop":0},"contributionsState":{"editor.contrib.wordHighlighter":false,"editor.contrib.folding":{"collapsedRegions":null,"lineCount":15,"provider":"indent"}}},"main-code_file:///Users/boyin/Desktop/%E5%B0%8F%E7%A8%8B%E5%BA%8F/my-master/pages/component/story-item/story-item.acss":{"cursorState":[{"inSelectionMode":false,"selectionStart":{"lineNumber":63,"column":23},"position":{"lineNumber":63,"column":23}}],"viewState":{"scrollLeft":0,"firstPosition":{"lineNumber":47,"column":1},"firstPositionDeltaTop":-16},"contributionsState":{"editor.contrib.wordHighlighter":false,"editor.contrib.folding":{"collapsedRegions":null,"lineCount":77,"provider":"indent"}}},"main-code_file:///Users/boyin/Desktop/%E5%B0%8F%E7%A8%8B%E5%BA%8F/my-master/pages/component/story-detail-all/story-detail-all.axml":{"cursorState":[{"inSelectionMode":false,"selectionStart":{"lineNumber":19,"column":73},"position":{"lineNumber":19,"column":73}}],"viewState":{"scrollLeft":0,"firstPosition":{"lineNumber":1,"column":1},"firstPositionDeltaTop":34},"contributionsState":{"editor.contrib.wordHighlighter":false,"editor.contrib.folding":{"collapsedRegions":null,"lineCount":24,"provider":"indent"}}},"main-code_file:///Users/boyin/Desktop/%E5%B0%8F%E7%A8%8B%E5%BA%8F/my-master/pages/component/story-detail-all/story-detail-all.acss":{"cursorState":[{"inSelectionMode":false,"selectionStart":{"lineNumber":15,"column":15},"position":{"lineNumber":15,"column":15}}],"viewState":{"scrollLeft":0,"firstPosition":{"lineNumber":1,"column":1},"firstPositionDeltaTop":-4},"contributionsState":{"editor.contrib.wordHighlighter":false,"editor.contrib.folding":{"collapsedRegions":null,"lineCount":33,"provider":"indent"}}},"main-code_file:///Users/boyin/Desktop/%E5%B0%8F%E7%A8%8B%E5%BA%8F/my-master/pages/component/story-detail-all/story-detail-all.js":{"cursorState":[{"inSelectionMode":false,"selectionStart":{"lineNumber":28,"column":28},"position":{"lineNumber":28,"column":28}}],"viewState":{"scrollLeft":0,"firstPosition":{"lineNumber":13,"column":1},"firstPositionDeltaTop":0},"contributionsState":{"editor.contrib.wordHighlighter":false,"editor.contrib.folding":{"collapsedRegions":null,"lineCount":63,"provider":"indent"}}},"main-code_file:///Users/boyin/Desktop/%E5%B0%8F%E7%A8%8B%E5%BA%8F/my-master/pages/orderdetail/orderdetail.js":{"cursorState":[{"inSelectionMode":false,"selectionStart":{"lineNumber":1,"column":1},"position":{"lineNumber":1,"column":1}}],"viewState":{"scrollLeft":0,"firstPosition":{"lineNumber":1,"column":1},"firstPositionDeltaTop":0},"contributionsState":{"editor.contrib.wordHighlighter":false,"editor.contrib.folding":{"collapsedRegions":null,"lineCount":5,"provider":"indent"}}},"main-code_file:///Users/boyin/Desktop/%E5%B0%8F%E7%A8%8B%E5%BA%8F/my-master/pages/orderdetail/orderdetail.axml":{"cursorState":[{"inSelectionMode":false,"selectionStart":{"lineNumber":1,"column":1},"position":{"lineNumber":1,"column":1}}],"viewState":{"scrollLeft":0,"firstPosition":{"lineNumber":1,"column":1},"firstPositionDeltaTop":0},"contributionsState":{"editor.contrib.wordHighlighter":false,"editor.contrib.folding":{"collapsedRegions":null,"lineCount":3,"provider":"indent"}}},"main-code_file:///Users/boyin/Desktop/%E5%B0%8F%E7%A8%8B%E5%BA%8F/my-master/pages/orderdetail/orderdetail.acss":{"cursorState":[{"inSelectionMode":false,"selectionStart":{"lineNumber":1,"column":1},"position":{"lineNumber":1,"column":1}}],"viewState":{"scrollLeft":0,"firstPosition":{"lineNumber":1,"column":1},"firstPositionDeltaTop":34},"contributionsState":{"editor.contrib.wordHighlighter":false,"editor.contrib.folding":{"collapsedRegions":null,"lineCount":1,"provider":"indent"}}},"storageVersion":"0.70.11"}