{"tinyType":"alipayiot","tinyCnName":"支付宝 IoT","tinyProjectType":"xpaas-mini","alipay:alipay-mini:tinyIcon":"https://gw.alipayobjects.com/zos/rmsportal/rcwFIauzePpMqlTzzanK.svg","alipay:alipay-mini:_appIdList":[{"appid":"2019092667777979","name":"爱客盈","logoUrl":"https://appstoreisvpic.alipayobjects.com/prod/234ed25f-9f37-4d13-bb60-92518427cb42.png"}],"alipay:alipay-mini:uploadTime":"","alipay:alipay-mini:packageSize":0,"alipay:alipay-mini:preAuditLimit":5,"alipay:alipay-mini:preAuditUsed":0,"alipay:alipay-mini:auditLink":null,"alipay:alipay-mini:whiteListLink":null,"alipay:alipay-mini:_enableAutoPush":true,"alipay:alipay-mini:_appId":"2019092667777979","alipay:alipay-mini:_appName":"爱客盈","alipay:alipay-mini:remoteVersion":"0.0.0","alipay:alipay-mini:currentVersion":"0.0.1","alipay:alipay-mini:whiteList":[],"alipay:alipay-mini:h5WhiteList":[],"alipay:alipay-mini:appLogo":"https://appstoreisvpic.alipayobjects.com/prod/234ed25f-9f37-4d13-bb60-92518427cb42.png","isSimulatorOpen":false,"alipay:alipay-mini:MockStore":{},"isNotFirstToggleSimulator":true,"alipayiot:xpaas-mini:tinyIcon":"https://gw.alipayobjects.com/mdn/rms_c763d8/afts/img/A*vNMFT7X_u3sAAAAAAAAAAABkARQnAQ","alipayiot:xpaas-mini:_appIdList":[],"alipayiot:xpaas-mini:uploadTime":"2019-10-15 16:26:43","alipayiot:xpaas-mini:packageSize":null,"alipayiot:xpaas-mini:preAuditLimit":0,"alipayiot:xpaas-mini:preAuditUsed":0,"alipayiot:xpaas-mini:auditLink":null,"alipayiot:xpaas-mini:whiteListLink":null,"alipayiot:xpaas-mini:_enableAutoPush":true,"alipayiot:xpaas-mini:lastDeviceName":"蜻蜓F4","alipayiot:xpaas-mini:_appId":"2019092667777979","alipayiot:xpaas-mini:_appName":"爱客盈","alipayiot:xpaas-mini:remoteVersion":"1.0.4","alipayiot:xpaas-mini:currentVersion":"1.0.5","alipayiot:xpaas-mini:whiteList":[],"alipayiot:xpaas-mini:h5WhiteList":[],"alipayiot:xpaas-mini:appLogo":"https://appstoreisvpic.alipayobjects.com/prod/234ed25f-9f37-4d13-bb60-92518427cb42.png","hk:hk-mini:tinyIcon":"https://gw.alipayobjects.com/zos/basement_prod/f354f28b-68f8-4f8d-ba52-8d58cab8c519.svg","storageVersion":"0.70.11"}